<?xml version="1.0" encoding="UTF-8"?>
<!DOCTYPE suite SYSTEM "http://testng.org/testng-1.0.dtd">
<suite name="Suite">
  <test name="Registration">
    <classes>
      <class name="Copy_PHP.Test_Case_1Test"/>
    </classes>
  </test> <!-- Test -->
   
   <test name="Hotel Search">
    <classes>
      <class name="Copy_PHP.Test_Case_2Test"/>
    </classes>
  </test> <!-- Test -->
  
  <test name="Flight Search">
    <classes>
      <class name="Copy_PHP.Test_Case_3Test"/>
    </classes>
  </test> <!-- Test -->
  
  <test name="Tour Search">
    <classes>
      <class name="Copy_PHP.Test_Case_4Test"/>
    </classes>
  </test> <!-- Test -->
  
  <test name="Log In">
    <classes>
      <class name="Copy_PHP.Test_Case_5Test"/>
    </classes>
  </test> <!-- Test -->
</suite> <!-- Suite -->
